_id,hrUID,PhotoURL,OverviewText
101,101,https://cdn.images.express.co.uk/img/dynamic/galleries/x701/389530.jpg,The CEO of the company
103,103,https://www.encyclopedia.com/sites/default/files/4/2793330.jpg,The HR Boss
115,115,https://www.encyclopedia.com/sites/default/files/4/2793330.jpg,The HR Rep
102,102,https://www.encyclopedia.com/sites/default/files/4/2793330.jpg,VP Operations
104,104,https://www.encyclopedia.com/sites/default/files/4/2793330.jpg,VP Finance
105,105,https://www.encyclopedia.com/sites/default/files/4/2793330.jpg,VP Engineering
106,106,https://www.encyclopedia.com/sites/default/files/4/2793330.jpg,VP Sales
107,107,https://www.encyclopedia.com/sites/default/files/4/2793330.jpg,Direct Sales
108,108,https://www.encyclopedia.com/sites/default/files/4/2793330.jpg,Direct Sales
109,109,https://www.encyclopedia.com/sites/default/files/4/2793330.jpg,Direct Sales
110,110,https://github.com/account,Direct Sales
111,111,https://www.encyclopedia.com/sites/default/files/4/2793330.jpg,SalesPerson Sales
112,112,https://www.encyclopedia.com/sites/default/files/4/2793330.jpg,SalesPerson Sales
113,113,https://www.encyclopedia.com/sites/default/files/4/2793330.jpg,SalesPerson Sales
114,114,https://www.encyclopedia.com/sites/default/files/4/2793330.jpg,SalesPerson Sales